antecedents,consequents,support,confidence,lift
"accountability_High, data_protection_High",adoption_High,0.434,0.885,1.421
accountability_High,adoption_High,0.472,0.833,1.338
"data_protection_High, oversight_High",adoption_High,0.377,0.833,1.338
"accountability_High, fairness_High",adoption_High,0.358,0.826,1.327
"accountability_High, liability_High",adoption_High,0.358,0.826,1.327
"accountability_High, oversight_High",adoption_High,0.358,0.826,1.327
"data_protection_High, fairness_High",adoption_High,0.358,0.826,1.327
"data_protection_High, liability_High",adoption_High,0.358,0.826,1.327
"accountability_High, transparency_High",adoption_High,0.34,0.818,1.314
"data_protection_High, transparency_High",adoption_High,0.34,0.818,1.314
"fairness_High, liability_High",adoption_High,0.321,0.81,1.3
data_protection_High,adoption_High,0.472,0.806,1.295
"fairness_High, transparency_High",adoption_High,0.264,0.778,1.249
liability_High,adoption_High,0.396,0.75,1.205
"oversight_High, transparency_High",adoption_High,0.34,0.75,1.205
fairness_High,adoption_High,0.377,0.741,1.19
"fairness_High, oversight_High",adoption_High,0.302,0.727,1.168
"liability_High, oversight_High",adoption_High,0.302,0.727,1.168
oversight_High,adoption_High,0.396,0.724,1.163
transparency_High,adoption_High,0.377,0.714,1.147
