transparency_1,transparency_2,transparency_3,transparency_4,transparency_5,accountability_1,accountability_2,accountability_3,accountability_4,accountability_5,fairness_1,fairness_2,fairness_3,fairness_4,fairness_5,data_protection_1,data_protection_2,data_protection_3,data_protection_4,data_protection_5,liability_1,liability_2,liability_3,liability_4,liability_5,oversight_1,oversight_2,oversight_3,oversight_4,oversight_5,adoption_1,adoption_2,adoption_3,adoption_4,adoption_5,transparency,accountability,fairness,data_protection,liability,oversight,adoption,adoption_level
5,4,5,4,4,5,4,5,4,5,5,5,5,5,5,5,5,5,5,5,5,5,5,5,4,4,5,4,5,4,5,4,5,5,4,4.4,4.6,5.0,5.0,4.8,4.4,4.6,High
3,4,4,4,3,4,4,4,4,4,3,4,3,4,4,4,4,4,4,4,4,3,3,3,4,3,3,4,3,4,4,4,3,4,4,3.6,4.0,3.6,4.0,3.4,3.4,3.8,High
3,4,4,3,3,4,3,3,4,4,4,4,4,5,3,4,5,5,5,4,4,3,4,5,4,3,3,4,3,4,4,5,3,5,4,3.4,3.6,4.0,4.6,4.0,3.4,4.2,High
4,5,5,5,4,5,5,5,5,4,5,5,5,5,5,5,5,5,5,5,3,3,4,3,4,3,4,4,4,3,5,5,4,5,5,4.6,4.8,5.0,5.0,3.4,3.6,4.8,High
4,4,4,3,3,5,3,2,4,4,3,4,3,3,4,4,4,3,3,4,3,3,4,4,4,3,3,4,3,3,4,4,2,4,4,3.6,3.6,3.4,3.6,3.6,3.2,3.6,Moderate
4,3,5,3,4,5,3,5,5,4,3,4,2,3,4,5,3,5,4,3,3,3,3,2,3,4,3,4,3,4,4,4,2,5,4,3.8,4.4,3.2,4.0,2.8,3.6,3.8,High
5,5,5,5,5,5,5,5,5,5,5,5,5,5,5,5,5,5,5,5,5,5,5,5,5,5,5,5,5,5,5,5,5,5,5,5.0,5.0,5.0,5.0,5.0,5.0,5.0,High
3,3,3,3,3,3,3,3,4,3,3,3,3,3,3,3,3,3,3,3,3,3,3,3,3,3,3,3,3,3,2,3,1,4,3,3.0,3.2,3.0,3.0,3.0,3.0,2.6,Moderate
4,5,4,2,1,3,4,4,4,4,5,5,5,5,5,5,5,5,5,5,5,3,5,5,5,3,4,4,3,3,5,5,5,5,5,3.2,3.8,5.0,5.0,4.6,3.4,5.0,High
4,4,4,4,4,4,3,4,4,4,3,4,3,3,4,4,4,4,4,4,4,4,4,4,4,3,3,4,4,4,4,4,3,5,5,4.0,3.8,3.4,4.0,4.0,3.6,4.2,High
2,2,2,2,2,2,2,2,2,2,2,2,2,2,2,3,3,5,5,3,2,2,2,2,3,2,2,2,2,2,4,3,3,5,5,2.0,2.0,2.0,3.8,2.2,2.0,4.0,High
4,2,3,3,4,4,4,4,4,3,4,4,4,4,4,4,4,4,4,4,3,2,3,4,4,4,3,3,4,3,3,4,3,3,3,3.2,3.8,4.0,4.0,3.2,3.4,3.2,Moderate
4,3,4,3,3,4,2,3,2,4,3,4,3,3,4,4,4,4,5,5,3,3,3,3,3,3,3,3,3,3,4,4,1,5,5,3.4,3.0,3.4,4.4,3.0,3.0,3.8,High
3,4,4,4,4,5,3,5,5,5,4,5,5,5,5,5,5,5,5,5,4,4,4,4,5,4,5,4,5,5,3,4,2,5,5,3.8,4.6,4.8,5.0,4.2,4.6,3.8,High
4,4,4,3,4,4,4,3,5,4,5,4,4,4,4,5,3,4,5,4,4,5,4,4,4,4,5,4,4,4,5,4,3,4,4,3.8,4.0,4.2,4.2,4.2,4.2,4.0,High
3,2,2,2,2,4,3,4,4,3,3,3,3,3,3,3,4,4,4,4,4,3,3,4,3,3,3,3,2,3,4,4,3,5,5,2.2,3.6,3.0,3.8,3.4,2.8,4.2,High
3,3,4,3,3,4,4,3,4,3,4,4,4,4,4,4,4,4,4,4,3,3,3,4,4,3,3,3,3,3,4,4,2,4,4,3.2,3.6,4.0,4.0,3.4,3.0,3.6,Moderate
4,3,4,4,4,4,4,4,4,3,3,3,2,3,3,5,4,4,4,4,4,4,3,4,4,4,3,3,4,4,5,5,4,5,5,3.8,3.8,2.8,4.2,3.8,3.6,4.8,High
3,3,3,1,3,3,2,2,2,2,3,3,3,3,3,3,2,5,5,4,3,2,2,2,3,1,1,1,1,1,4,1,1,1,1,2.6,2.2,3.0,3.8,2.4,1.0,1.6,Low
1,4,3,4,4,5,5,4,5,5,3,4,3,4,4,5,5,5,5,5,5,5,5,5,5,3,3,4,4,5,4,5,3,5,5,3.2,4.8,3.6,5.0,5.0,3.8,4.4,High
4,5,4,4,4,5,4,3,3,4,5,5,5,4,5,5,4,4,4,4,4,5,4,5,4,5,4,3,3,5,5,4,5,5,5,4.2,3.8,4.8,4.2,4.4,4.0,4.8,High
3,3,4,4,4,3,2,4,4,4,4,2,4,3,2,4,2,4,4,4,3,3,2,3,3,2,2,2,3,3,4,3,3,4,4,3.6,3.4,3.0,3.6,2.8,2.4,3.6,Moderate
4,3,4,4,4,4,4,5,5,5,4,4,5,5,5,5,5,5,5,5,5,5,5,5,5,4,5,5,5,5,4,5,5,5,5,3.8,4.6,4.6,5.0,5.0,4.8,4.8,High
2,2,3,3,4,5,3,5,3,4,3,3,4,4,3,3,3,5,3,3,3,3,3,3,5,2,3,4,3,3,4,5,2,5,5,2.8,4.0,3.4,3.4,3.4,3.0,4.2,High
4,4,4,4,4,4,4,4,4,4,4,4,4,4,4,2,4,4,4,4,5,3,4,5,3,3,4,4,4,3,3,4,2,4,4,4.0,4.0,4.0,3.6,4.0,3.6,3.4,Moderate
1,1,1,1,1,1,1,1,1,1,2,2,2,2,1,1,1,1,1,1,1,1,1,1,1,1,1,1,1,1,1,1,1,1,1,1.0,1.0,1.8,1.0,1.0,1.0,1.0,Low
4,4,4,4,4,5,4,3,5,5,5,5,5,3,5,3,3,3,2,3,4,4,5,5,5,4,4,5,5,5,4,3,3,3,3,4.0,4.4,4.6,2.8,4.6,4.6,3.2,Moderate
5,2,2,2,5,5,3,4,3,5,3,3,2,2,2,3,5,5,4,4,3,3,4,4,4,1,1,2,2,1,5,5,1,5,5,3.2,4.0,2.4,4.2,3.6,1.4,4.2,High
5,4,4,4,4,4,4,4,4,4,4,4,4,4,4,4,4,4,4,4,4,4,4,4,4,4,4,4,4,4,4,4,4,4,4,4.2,4.0,4.0,4.0,4.0,4.0,4.0,High
4,4,4,2,4,4,4,4,4,2,4,4,4,4,2,4,4,4,4,4,4,4,4,4,4,4,4,4,4,4,2,2,2,4,4,3.6,3.6,3.6,4.0,4.0,4.0,2.8,Moderate
4,4,4,3,4,5,4,3,4,4,3,3,3,3,2,4,4,4,4,4,3,2,3,3,4,4,3,3,3,3,4,4,3,4,4,3.8,4.0,2.8,4.0,3.0,3.2,3.8,High
3,5,3,3,5,4,4,4,5,5,5,3,5,5,5,5,5,5,5,4,3,4,3,4,4,2,4,4,3,3,2,4,3,4,4,3.8,4.4,4.6,4.8,3.6,3.2,3.4,Moderate
4,3,3,3,3,5,4,5,4,5,3,5,4,4,4,5,5,5,5,5,4,4,4,4,4,3,3,3,3,3,4,5,2,5,5,3.2,4.6,4.0,5.0,4.0,3.0,4.2,High
2,4,3,4,3,3,3,3,3,2,3,3,3,3,3,3,3,3,3,3,3,3,3,3,3,3,3,3,3,3,3,4,1,5,4,3.2,2.8,3.0,3.0,3.0,3.0,3.4,Moderate
4,4,4,4,2,3,4,3,2,4,3,3,3,3,3,5,5,5,5,5,4,4,4,4,4,4,3,5,4,3,4,3,2,4,3,3.6,3.2,3.0,5.0,4.0,3.8,3.2,Moderate
2,2,2,2,2,3,3,3,3,3,3,3,3,3,3,3,3,3,3,3,3,3,3,3,3,3,3,3,3,3,5,4,3,5,5,2.0,3.0,3.0,3.0,3.0,3.0,4.4,High
3,3,4,3,5,5,5,3,4,4,3,3,4,4,3,4,4,5,3,4,4,2,4,4,4,3,2,2,3,4,3,3,3,4,4,3.6,4.2,3.4,4.0,3.6,2.8,3.4,Moderate
4,4,4,4,4,4,4,4,4,4,4,4,4,4,4,4,4,4,4,4,4,4,4,4,4,4,4,4,4,4,4,4,4,4,4,4.0,4.0,4.0,4.0,4.0,4.0,4.0,High
2,4,3,3,3,4,3,3,3,3,3,3,3,3,3,3,4,4,3,3,4,3,3,3,3,1,2,2,2,2,2,2,1,4,4,3.0,3.2,3.0,3.4,3.2,1.8,2.6,Moderate
4,4,4,4,4,4,4,4,4,4,3,4,3,4,4,4,4,4,4,4,4,4,4,4,4,4,4,4,4,4,4,4,4,5,5,4.0,4.0,3.6,4.0,4.0,4.0,4.4,High
5,4,5,4,5,4,4,5,4,5,5,4,4,4,5,4,4,3,5,5,3,3,5,5,5,3,3,3,3,3,5,4,3,4,3,4.6,4.4,4.4,4.2,4.2,3.0,3.8,High
2,4,1,4,2,4,4,1,2,3,4,4,3,2,3,3,4,4,4,4,3,4,3,4,3,3,3,3,3,2,2,3,2,3,3,2.6,2.8,3.2,3.8,3.4,2.8,2.6,Moderate
3,4,3,4,4,2,4,4,3,3,3,3,3,3,3,3,3,5,3,2,4,3,3,4,4,2,4,2,2,2,2,5,2,5,5,3.6,3.2,3.0,3.2,3.6,2.4,3.8,High
1,1,1,1,1,4,4,2,3,4,2,2,2,2,2,3,4,2,2,4,2,2,2,2,4,2,2,1,1,2,4,4,3,4,5,1.0,3.4,2.0,3.0,2.4,1.6,4.0,High
3,3,4,4,3,4,3,4,4,4,4,4,4,4,4,4,2,4,5,5,3,3,3,3,3,3,3,3,3,3,4,4,4,4,4,3.4,3.8,4.0,4.0,3.0,3.0,4.0,High
4,5,5,4,5,4,4,5,4,3,5,5,4,3,3,5,5,5,5,5,4,3,4,5,3,3,3,3,3,4,5,5,1,5,5,4.6,4.0,4.0,5.0,3.8,3.2,4.2,High
3,3,3,3,3,4,4,4,4,4,4,4,4,4,4,3,3,3,3,3,4,4,4,4,4,3,3,3,3,3,4,4,4,4,4,3.0,4.0,4.0,3.0,4.0,3.0,4.0,High
4,3,4,4,4,4,3,4,3,4,3,4,3,3,3,4,4,4,4,3,3,3,3,3,4,3,3,4,3,4,4,4,3,4,4,3.8,3.6,3.2,3.8,3.2,3.4,3.8,High
3,4,4,3,3,4,3,3,3,3,3,4,4,3,4,4,3,4,3,3,3,3,3,4,4,4,4,3,3,3,3,3,2,2,3,3.4,3.2,3.6,3.4,3.4,3.4,2.6,Moderate
3,3,3,3,3,4,3,3,3,3,3,3,3,3,3,4,4,4,3,3,3,3,3,3,3,2,3,4,3,3,2,3,2,5,4,3.0,3.2,3.0,3.6,3.0,3.0,3.2,Moderate
3,3,3,3,3,3,3,3,3,3,3,3,3,3,3,3,3,3,3,3,3,3,3,3,3,3,3,3,3,3,3,3,3,3,3,3.0,3.0,3.0,3.0,3.0,3.0,3.0,Moderate
2,2,3,3,2,3,3,3,3,3,3,3,3,3,3,3,4,4,4,3,3,3,3,3,3,2,2,2,2,2,3,2,2,1,2,2.4,3.0,3.0,3.6,3.0,2.0,2.0,Low
4,4,4,4,4,5,5,5,5,5,5,4,4,5,5,5,4,4,4,5,4,4,4,5,5,4,4,4,4,4,5,5,4,5,5,4.0,5.0,4.6,4.4,4.4,4.0,4.8,High
