Timestamp,Type of institution,Your role,Years of AI experience,Section B: Transparency [Our institution publishes documentation explaining how AI systems make decisions.],Section B: Transparency [Customers can request explanations for AI-driven financial decisions.],Section B: Transparency [Our AI models are documented with clear input and output specifications.],Section B: Transparency [We provide transparency reports on AI system performance.],Section B: Transparency [External auditors can access our AI model documentation.],Section C: Accountability [Our institution has designated personnel responsible for AI ethics.],Section C: Accountability [There are clear escalation paths when AI systems produce errors.],Section C: Accountability [Board-level committees review AI deployment decisions.],Section C: Accountability [We maintain audit trails for all AI-driven decisions.],Section C: Accountability [Responsibility for AI outcomes is clearly assigned in our organisation.],Section D: Fairness [We test our AI systems for demographic bias before deployment.],Section D: Fairness [Our training data is representative of the populations we serve.],Section D: Fairness [We monitor AI outcomes for disparities across gender and geography.],Section D: Fairness [Fairness metrics are included in our AI performance dashboards.],Section D: Fairness [We have procedures to correct biased AI outcomes when detected.],Section E: Data Protection [Our AI systems comply with the Nigeria Data Protection Act 2023.],Section E: Data Protection [Customer consent is obtained before data is used for AI training.],Section E: Data Protection [We conduct privacy impact assessments before deploying AI systems.],Section E: Data Protection [We encrypt personal data used by AI systems.],Section E: Data Protection [Data retention policies for AI training data are clearly defined.],Section F: Liability Mechanisms [Our contracts with AI vendors clearly assign liability for system errors.],Section F: Liability Mechanisms [We carry insurance covering AI-related operational risks.],Section F: Liability Mechanisms [Our terms of service explain liability for AI-driven decisions.],Section F: Liability Mechanisms [Legal counsel reviews AI deployment plans for liability exposure.],Section F: Liability Mechanisms [We understand our liability position under Nigerian law for AI harms.],Section G: Oversight Capacity [Our regulators have sufficient technical expertise to evaluate AI systems.],Section G: Oversight Capacity [Regulatory examinations include AI-specific review procedures.],Section G: Oversight Capacity [There are clear reporting requirements for AI incidents to regulators.],Section G: Oversight Capacity [Inter-agency coordination exists for AI oversight in finance.],Section G: Oversight Capacity [Regulatory sandboxes or safe harbours are available for AI testing.],Section H: AI Adoption Level [Our institution has deployed AI in multiple business processes.],Section H: AI Adoption Level [We have a dedicated budget for AI development and procurement.],Section H: AI Adoption Level [AI systems are integrated with our core banking infrastructure.],Section H: AI Adoption Level [Staff across our institution have received training on how to use AI systems in their roles.],Section H: AI Adoption Level [Management has committed to expanding AI use across the organisation.]
8/24/2026 8:59:12,Commercial Bank,IT Support Analyst,0-1,5 - Strongly Agree,4 - Agree,5 - Strongly Agree,4 - Agree,4 - Agree,5 - Strongly Agree,4 - Agree,5 - Strongly Agree,4 - Agree,5 - Strongly Agree,5 - Strongly Agree,5 - Strongly Agree,5 - Strongly Agree,5 - Strongly Agree,5 - Strongly Agree,5 - Strongly Agree,5 - Strongly Agree,5 - Strongly Agree,5 - Strongly Agree,5 - Strongly Agree,5 - Strongly Agree,5 - Strongly Agree,5 - Strongly Agree,5 - Strongly Agree,4 - Agree,4 - Agree,5 - Strongly Agree,4 - Agree,5 - Strongly Agree,4 - Agree,5 - Strongly Agree,4 - Agree,5 - Strongly Agree,5 - Strongly Agree,4 - Agree
8/24/2026 9:11:26,Fintech,Data Engineer,04-May,3 - Neutral,4 - Agree,4 - Agree,4 - Agree,3 - Neutral,4 - Agree,4 - Agree,4 - Agree,4 - Agree,4 - Agree,3 - Neutral,4 - Agree,3 - Neutral,4 - Agree,4 - Agree,4 - Agree,4 - Agree,4 - Agree,4 - Agree,4 - Agree,4 - Agree,3 - Neutral,3 - Neutral,3 - Neutral,4 - Agree,3 - Neutral,3 - Neutral,4 - Agree,3 - Neutral,4 - Agree,4 - Agree,4 - Agree,3 - Neutral,4 - Agree,4 - Agree
8/24/2026 9:20:11,Commercial Bank,Cybersecurity Officer,02-Mar,3 - Neutral,4 - Agree,4 - Agree,3 - Neutral,3 - Neutral,4 - Agree,3 - Neutral,3 - Neutral,4 - Agree,4 - Agree,4 - Agree,4 - Agree,4 - Agree,5 - Strongly Agree,3 - Neutral,4 - Agree,5 - Strongly Agree,5 - Strongly Agree,5 - Strongly Agree,4 - Agree,4 - Agree,3 - Neutral,4 - Agree,5 - Strongly Agree,4 - Agree,3 - Neutral,3 - Neutral,4 - Agree,3 - Neutral,4 - Agree,4 - Agree,5 - Strongly Agree,3 - Neutral,5 - Strongly Agree,4 - Agree
8/24/2026 9:35:15,Commercial Bank,IT QA Analyst,02-Mar,4 - Agree,5 - Strongly Agree,5 - Strongly Agree,5 - Strongly Agree,4 - Agree,5 - Strongly Agree,5 - Strongly Agree,5 - Strongly Agree,5 - Strongly Agree,4 - Agree,5 - Strongly Agree,5 - Strongly Agree,5 - Strongly Agree,5 - Strongly Agree,5 - Strongly Agree,5 - Strongly Agree,5 - Strongly Agree,5 - Strongly Agree,5 - Strongly Agree,5 - Strongly Agree,3 - Neutral,3 - Neutral,4 - Agree,3 - Neutral,4 - Agree,3 - Neutral,4 - Agree,4 - Agree,4 - Agree,3 - Neutral,5 - Strongly Agree,5 - Strongly Agree,4 - Agree,5 - Strongly Agree,5 - Strongly Agree
8/24/2026 9:59:50,Commercial Bank,Network Security Analyst,0-1,4 - Agree,4 - Agree,4 - Agree,3 - Neutral,3 - Neutral,5 - Strongly Agree,3 - Neutral,2 - Disagree,4 - Agree,4 - Agree,3 - Neutral,4 - Agree,3 - Neutral,3 - Neutral,4 - Agree,4 - Agree,4 - Agree,3 - Neutral,3 - Neutral,4 - Agree,3 - Neutral,3 - Neutral,4 - Agree,4 - Agree,4 - Agree,3 - Neutral,3 - Neutral,4 - Agree,3 - Neutral,3 - Neutral,4 - Agree,4 - Agree,2 - Disagree,4 - Agree,4 - Agree
8/24/2026 12:47:43,Commercial Bank,RPA support,02-Mar,4 - Agree,3 - Neutral,5 - Strongly Agree,3 - Neutral,4 - Agree,5 - Strongly Agree,3 - Neutral,5 - Strongly Agree,5 - Strongly Agree,4 - Agree,3 - Neutral,4 - Agree,2 - Disagree,3 - Neutral,4 - Agree,5 - Strongly Agree,3 - Neutral,5 - Strongly Agree,4 - Agree,3 - Neutral,3 - Neutral,3 - Neutral,3 - Neutral,2 - Disagree,3 - Neutral,4 - Agree,3 - Neutral,4 - Agree,3 - Neutral,4 - Agree,4 - Agree,4 - Agree,2 - Disagree,5 - Strongly Agree,4 - Agree
8/24/2026 14:58:08,Commercial Bank,IT Control,6+,5 - Strongly Agree,5 - Strongly Agree,5 - Strongly Agree,5 - Strongly Agree,5 - Strongly Agree,5 - Strongly Agree,5 - Strongly Agree,5 - Strongly Agree,5 - Strongly Agree,5 - Strongly Agree,5 - Strongly Agree,5 - Strongly Agree,5 - Strongly Agree,5 - Strongly Agree,5 - Strongly Agree,5 - Strongly Agree,5 - Strongly Agree,5 - Strongly Agree,5 - Strongly Agree,5 - Strongly Agree,5 - Strongly Agree,5 - Strongly Agree,5 - Strongly Agree,5 - Strongly Agree,5 - Strongly Agree,5 - Strongly Agree,5 - Strongly Agree,5 - Strongly Agree,5 - Strongly Agree,5 - Strongly Agree,5 - Strongly Agree,5 - Strongly Agree,5 - Strongly Agree,5 - Strongly Agree,5 - Strongly Agree
8/24/2026 16:16:55,Commercial Bank,IT Officer,0-1,3 - Neutral,3 - Neutral,3 - Neutral,3 - Neutral,3 - Neutral,3 - Neutral,3 - Neutral,3 - Neutral,4 - Agree,3 - Neutral,3 - Neutral,3 - Neutral,3 - Neutral,3 - Neutral,3 - Neutral,3 - Neutral,3 - Neutral,3 - Neutral,3 - Neutral,3 - Neutral,3 - Neutral,3 - Neutral,3 - Neutral,3 - Neutral,3 - Neutral,3 - Neutral,3 - Neutral,3 - Neutral,3 - Neutral,3 - Neutral,2 - Disagree,3 - Neutral,1 - Strongly Disagree,4 - Agree,3 - Neutral
8/24/2026 23:12:59,Commercial Bank,AI consultant ,02-Mar,4 - Agree,5 - Strongly Agree,4 - Agree,2 - Disagree,1 - Strongly Disagree,3 - Neutral,4 - Agree,4 - Agree,4 - Agree,4 - Agree,5 - Strongly Agree,5 - Strongly Agree,5 - Strongly Agree,5 - Strongly Agree,5 - Strongly Agree,5 - Strongly Agree,5 - Strongly Agree,5 - Strongly Agree,5 - Strongly Agree,5 - Strongly Agree,5 - Strongly Agree,3 - Neutral,5 - Strongly Agree,5 - Strongly Agree,5 - Strongly Agree,3 - Neutral,4 - Agree,4 - Agree,3 - Neutral,3 - Neutral,5 - Strongly Agree,5 - Strongly Agree,5 - Strongly Agree,5 - Strongly Agree,5 - Strongly Agree
8/26/2026 7:41:50,Commercial Bank,Compliance Officer,02-Mar,4 - Agree,4 - Agree,4 - Agree,4 - Agree,4 - Agree,4 - Agree,3 - Neutral,4 - Agree,4 - Agree,4 - Agree,3 - Neutral,4 - Agree,3 - Neutral,3 - Neutral,4 - Agree,4 - Agree,4 - Agree,4 - Agree,4 - Agree,4 - Agree,4 - Agree,4 - Agree,4 - Agree,4 - Agree,4 - Agree,3 - Neutral,3 - Neutral,4 - Agree,4 - Agree,4 - Agree,4 - Agree,4 - Agree,3 - Neutral,5 - Strongly Agree,5 - Strongly Agree
8/26/2026 7:45:07,Commercial Bank,IT Manager,02-Mar,2 - Disagree,2 - Disagree,2 - Disagree,2 - Disagree,2 - Disagree,2 - Disagree,2 - Disagree,2 - Disagree,2 - Disagree,2 - Disagree,2 - Disagree,2 - Disagree,2 - Disagree,2 - Disagree,2 - Disagree,3 - Neutral,3 - Neutral,5 - Strongly Agree,5 - Strongly Agree,3 - Neutral,2 - Disagree,2 - Disagree,2 - Disagree,2 - Disagree,3 - Neutral,2 - Disagree,2 - Disagree,2 - Disagree,2 - Disagree,2 - Disagree,4 - Agree,3 - Neutral,3 - Neutral,5 - Strongly Agree,5 - Strongly Agree
8/26/2026 8:35:51,Commercial Bank,IT Manager,04-May,4 - Agree,2 - Disagree,3 - Neutral,3 - Neutral,4 - Agree,4 - Agree,4 - Agree,4 - Agree,4 - Agree,3 - Neutral,4 - Agree,4 - Agree,4 - Agree,4 - Agree,4 - Agree,4 - Agree,4 - Agree,4 - Agree,4 - Agree,4 - Agree,3 - Neutral,2 - Disagree,3 - Neutral,4 - Agree,4 - Agree,4 - Agree,3 - Neutral,3 - Neutral,4 - Agree,3 - Neutral,3 - Neutral,4 - Agree,3 - Neutral,3 - Neutral,3 - Neutral
8/26/2026 9:05:14,Commercial Bank,Data engineer,04-May,4 - Agree,3 - Neutral,4 - Agree,3 - Neutral,3 - Neutral,4 - Agree,2 - Disagree,3 - Neutral,2 - Disagree,4 - Agree,3 - Neutral,4 - Agree,3 - Neutral,3 - Neutral,4 - Agree,4 - Agree,4 - Agree,4 - Agree,5 - Strongly Agree,5 - Strongly Agree,3 - Neutral,3 - Neutral,3 - Neutral,3 - Neutral,3 - Neutral,3 - Neutral,3 - Neutral,3 - Neutral,3 - Neutral,3 - Neutral,4 - Agree,4 - Agree,1 - Strongly Disagree,5 - Strongly Agree,5 - Strongly Agree
8/26/2026 9:17:34,Commercial Bank,Cloud Engineer,04-May,3 - Neutral,4 - Agree,4 - Agree,4 - Agree,4 - Agree,5 - Strongly Agree,3 - Neutral,5 - Strongly Agree,5 - Strongly Agree,5 - Strongly Agree,4 - Agree,5 - Strongly Agree,5 - Strongly Agree,5 - Strongly Agree,5 - Strongly Agree,5 - Strongly Agree,5 - Strongly Agree,5 - Strongly Agree,5 - Strongly Agree,5 - Strongly Agree,4 - Agree,4 - Agree,4 - Agree,4 - Agree,5 - Strongly Agree,4 - Agree,5 - Strongly Agree,4 - Agree,5 - Strongly Agree,5 - Strongly Agree,3 - Neutral,4 - Agree,2 - Disagree,5 - Strongly Agree,5 - Strongly Agree
8/26/2026 9:17:47,Commercial Bank,IT Manager,6+,4 - Agree,4 - Agree,4 - Agree,3 - Neutral,4 - Agree,4 - Agree,4 - Agree,3 - Neutral,5 - Strongly Agree,4 - Agree,5 - Strongly Agree,4 - Agree,4 - Agree,4 - Agree,4 - Agree,5 - Strongly Agree,3 - Neutral,4 - Agree,5 - Strongly Agree,4 - Agree,4 - Agree,5 - Strongly Agree,4 - Agree,4 - Agree,4 - Agree,4 - Agree,5 - Strongly Agree,4 - Agree,4 - Agree,4 - Agree,5 - Strongly Agree,4 - Agree,3 - Neutral,4 - Agree,4 - Agree
8/26/2026 9:33:39,Commercial Bank,Software Engineer,02-Mar,3 - Neutral,2 - Disagree,2 - Disagree,2 - Disagree,2 - Disagree,4 - Agree,3 - Neutral,4 - Agree,4 - Agree,3 - Neutral,3 - Neutral,3 - Neutral,3 - Neutral,3 - Neutral,3 - Neutral,3 - Neutral,4 - Agree,4 - Agree,4 - Agree,4 - Agree,4 - Agree,3 - Neutral,3 - Neutral,4 - Agree,3 - Neutral,3 - Neutral,3 - Neutral,3 - Neutral,2 - Disagree,3 - Neutral,4 - Agree,4 - Agree,3 - Neutral,5 - Strongly Agree,5 - Strongly Agree
8/26/2026 9:34:41,Commercial Bank,Solutions Architect,0-1,3 - Neutral,3 - Neutral,4 - Agree,3 - Neutral,3 - Neutral,4 - Agree,4 - Agree,3 - Neutral,4 - Agree,3 - Neutral,4 - Agree,4 - Agree,4 - Agree,4 - Agree,4 - Agree,4 - Agree,4 - Agree,4 - Agree,4 - Agree,4 - Agree,3 - Neutral,3 - Neutral,3 - Neutral,4 - Agree,4 - Agree,3 - Neutral,3 - Neutral,3 - Neutral,3 - Neutral,3 - Neutral,4 - Agree,4 - Agree,2 - Disagree,4 - Agree,4 - Agree
8/26/2026 9:37:46,Commercial Bank,IT Manager,6+,4 - Agree,3 - Neutral,4 - Agree,4 - Agree,4 - Agree,4 - Agree,4 - Agree,4 - Agree,4 - Agree,3 - Neutral,3 - Neutral,3 - Neutral,2 - Disagree,3 - Neutral,3 - Neutral,5 - Strongly Agree,4 - Agree,4 - Agree,4 - Agree,4 - Agree,4 - Agree,4 - Agree,3 - Neutral,4 - Agree,4 - Agree,4 - Agree,3 - Neutral,3 - Neutral,4 - Agree,4 - Agree,5 - Strongly Agree,5 - Strongly Agree,4 - Agree,5 - Strongly Agree,5 - Strongly Agree
8/26/2026 11:42:48,Commercial Bank,Infrastructure Engineer ,02-Mar,3 - Neutral,3 - Neutral,3 - Neutral,1 - Strongly Disagree,3 - Neutral,3 - Neutral,2 - Disagree,2 - Disagree,2 - Disagree,2 - Disagree,3 - Neutral,3 - Neutral,3 - Neutral,3 - Neutral,3 - Neutral,3 - Neutral,2 - Disagree,5 - Strongly Agree,5 - Strongly Agree,4 - Agree,3 - Neutral,2 - Disagree,2 - Disagree,2 - Disagree,3 - Neutral,1 - Strongly Disagree,1 - Strongly Disagree,1 - Strongly Disagree,1 - Strongly Disagree,1 - Strongly Disagree,4 - Agree,1 - Strongly Disagree,1 - Strongly Disagree,1 - Strongly Disagree,1 - Strongly Disagree
8/26/2026 12:03:14,Commercial Bank,Software Engineer,02-Mar,1 - Strongly Disagree,4 - Agree,3 - Neutral,4 - Agree,4 - Agree,5 - Strongly Agree,5 - Strongly Agree,4 - Agree,5 - Strongly Agree,5 - Strongly Agree,3 - Neutral,4 - Agree,3 - Neutral,4 - Agree,4 - Agree,5 - Strongly Agree,5 - Strongly Agree,5 - Strongly Agree,5 - Strongly Agree,5 - Strongly Agree,5 - Strongly Agree,5 - Strongly Agree,5 - Strongly Agree,5 - Strongly Agree,5 - Strongly Agree,3 - Neutral,3 - Neutral,4 - Agree,4 - Agree,5 - Strongly Agree,4 - Agree,5 - Strongly Agree,3 - Neutral,5 - Strongly Agree,5 - Strongly Agree
8/26/2026 12:38:35,Fintech,IT Manager,04-May,4 - Agree,5 - Strongly Agree,4 - Agree,4 - Agree,4 - Agree,5 - Strongly Agree,4 - Agree,3 - Neutral,3 - Neutral,4 - Agree,5 - Strongly Agree,5 - Strongly Agree,5 - Strongly Agree,4 - Agree,5 - Strongly Agree,5 - Strongly Agree,4 - Agree,4 - Agree,4 - Agree,4 - Agree,4 - Agree,5 - Strongly Agree,4 - Agree,5 - Strongly Agree,4 - Agree,5 - Strongly Agree,4 - Agree,3 - Neutral,3 - Neutral,5 - Strongly Agree,5 - Strongly Agree,4 - Agree,5 - Strongly Agree,5 - Strongly Agree,5 - Strongly Agree
8/26/2026 12:54:02,Commercial Bank,Data Engineer ,04-May,3 - Neutral,3 - Neutral,4 - Agree,4 - Agree,4 - Agree,3 - Neutral,2 - Disagree,4 - Agree,4 - Agree,4 - Agree,4 - Agree,2 - Disagree,4 - Agree,3 - Neutral,2 - Disagree,4 - Agree,2 - Disagree,4 - Agree,4 - Agree,4 - Agree,3 - Neutral,3 - Neutral,2 - Disagree,3 - Neutral,3 - Neutral,2 - Disagree,2 - Disagree,2 - Disagree,3 - Neutral,3 - Neutral,4 - Agree,3 - Neutral,3 - Neutral,4 - Agree,4 - Agree
8/26/2026 13:00:22,Commercial Bank,Senior data engineer ,02-Mar,4 - Agree,3 - Neutral,4 - Agree,4 - Agree,4 - Agree,4 - Agree,4 - Agree,5 - Strongly Agree,5 - Strongly Agree,5 - Strongly Agree,4 - Agree,4 - Agree,5 - Strongly Agree,5 - Strongly Agree,5 - Strongly Agree,5 - Strongly Agree,5 - Strongly Agree,5 - Strongly Agree,5 - Strongly Agree,5 - Strongly Agree,5 - Strongly Agree,5 - Strongly Agree,5 - Strongly Agree,5 - Strongly Agree,5 - Strongly Agree,4 - Agree,5 - Strongly Agree,5 - Strongly Agree,5 - Strongly Agree,5 - Strongly Agree,4 - Agree,5 - Strongly Agree,5 - Strongly Agree,5 - Strongly Agree,5 - Strongly Agree
8/26/2026 13:09:25,Commercial Bank,Business analyst,02-Mar,2 - Disagree,2 - Disagree,3 - Neutral,3 - Neutral,4 - Agree,5 - Strongly Agree,3 - Neutral,5 - Strongly Agree,3 - Neutral,4 - Agree,3 - Neutral,3 - Neutral,4 - Agree,4 - Agree,3 - Neutral,3 - Neutral,3 - Neutral,5 - Strongly Agree,3 - Neutral,3 - Neutral,3 - Neutral,3 - Neutral,3 - Neutral,3 - Neutral,5 - Strongly Agree,2 - Disagree,3 - Neutral,4 - Agree,3 - Neutral,3 - Neutral,4 - Agree,5 - Strongly Agree,2 - Disagree,5 - Strongly Agree,5 - Strongly Agree
8/26/2026 13:18:03,Commercial Bank,Data engineer,04-May,4 - Agree,4 - Agree,4 - Agree,4 - Agree,4 - Agree,4 - Agree,4 - Agree,4 - Agree,4 - Agree,4 - Agree,4 - Agree,4 - Agree,4 - Agree,4 - Agree,4 - Agree,2 - Disagree,4 - Agree,4 - Agree,4 - Agree,4 - Agree,5 - Strongly Agree,3 - Neutral,4 - Agree,5 - Strongly Agree,3 - Neutral,3 - Neutral,4 - Agree,4 - Agree,4 - Agree,3 - Neutral,3 - Neutral,4 - Agree,2 - Disagree,4 - Agree,4 - Agree
8/26/2026 13:30:09,Fintech,Infrastructure engineer ,02-Mar,1 - Strongly Disagree,1 - Strongly Disagree,1 - Strongly Disagree,1 - Strongly Disagree,1 - Strongly Disagree,1 - Strongly Disagree,1 - Strongly Disagree,1 - Strongly Disagree,1 - Strongly Disagree,1 - Strongly Disagree,2 - Disagree,2 - Disagree,2 - Disagree,2 - Disagree,1 - Strongly Disagree,1 - Strongly Disagree,1 - Strongly Disagree,1 - Strongly Disagree,1 - Strongly Disagree,1 - Strongly Disagree,1 - Strongly Disagree,1 - Strongly Disagree,1 - Strongly Disagree,1 - Strongly Disagree,1 - Strongly Disagree,1 - Strongly Disagree,1 - Strongly Disagree,1 - Strongly Disagree,1 - Strongly Disagree,1 - Strongly Disagree,1 - Strongly Disagree,1 - Strongly Disagree,1 - Strongly Disagree,1 - Strongly Disagree,1 - Strongly Disagree
8/26/2026 14:13:23,Fintech,Software architect UI/UX designer,02-Mar,4 - Agree,4 - Agree,4 - Agree,4 - Agree,4 - Agree,5 - Strongly Agree,4 - Agree,3 - Neutral,5 - Strongly Agree,5 - Strongly Agree,5 - Strongly Agree,5 - Strongly Agree,5 - Strongly Agree,3 - Neutral,5 - Strongly Agree,3 - Neutral,3 - Neutral,3 - Neutral,2 - Disagree,3 - Neutral,4 - Agree,4 - Agree,5 - Strongly Agree,5 - Strongly Agree,5 - Strongly Agree,4 - Agree,4 - Agree,5 - Strongly Agree,5 - Strongly Agree,5 - Strongly Agree,4 - Agree,3 - Neutral,3 - Neutral,3 - Neutral,3 - Neutral
8/26/2026 14:14:30,Microfinance,SRE,04-May,5 - Strongly Agree,2 - Disagree,2 - Disagree,2 - Disagree,5 - Strongly Agree,5 - Strongly Agree,3 - Neutral,4 - Agree,3 - Neutral,5 - Strongly Agree,3 - Neutral,3 - Neutral,2 - Disagree,2 - Disagree,2 - Disagree,3 - Neutral,5 - Strongly Agree,5 - Strongly Agree,4 - Agree,4 - Agree,3 - Neutral,3 - Neutral,4 - Agree,4 - Agree,4 - Agree,1 - Strongly Disagree,1 - Strongly Disagree,2 - Disagree,2 - Disagree,1 - Strongly Disagree,5 - Strongly Agree,5 - Strongly Agree,1 - Strongly Disagree,5 - Strongly Agree,5 - Strongly Agree
8/26/2026 15:41:57,Fintech,AI Developer,02-Mar,5 - Strongly Agree,4 - Agree,4 - Agree,4 - Agree,4 - Agree,4 - Agree,4 - Agree,4 - Agree,4 - Agree,4 - Agree,4 - Agree,4 - Agree,4 - Agree,4 - Agree,4 - Agree,4 - Agree,4 - Agree,4 - Agree,4 - Agree,4 - Agree,4 - Agree,4 - Agree,4 - Agree,4 - Agree,4 - Agree,4 - Agree,4 - Agree,4 - Agree,4 - Agree,4 - Agree,4 - Agree,4 - Agree,4 - Agree,4 - Agree,4 - Agree
8/26/2026 15:42:57,Commercial Bank,Enterprise Application Support,04-May,4 - Agree,4 - Agree,4 - Agree,2 - Disagree,4 - Agree,4 - Agree,4 - Agree,4 - Agree,4 - Agree,2 - Disagree,4 - Agree,4 - Agree,4 - Agree,4 - Agree,2 - Disagree,4 - Agree,4 - Agree,4 - Agree,4 - Agree,4 - Agree,4 - Agree,4 - Agree,4 - Agree,4 - Agree,4 - Agree,4 - Agree,4 - Agree,4 - Agree,4 - Agree,4 - Agree,2 - Disagree,2 - Disagree,2 - Disagree,4 - Agree,4 - Agree
8/26/2026 16:09:38,Commercial Bank,Solution Architect,02-Mar,4 - Agree,4 - Agree,4 - Agree,3 - Neutral,4 - Agree,5 - Strongly Agree,4 - Agree,3 - Neutral,4 - Agree,4 - Agree,3 - Neutral,3 - Neutral,3 - Neutral,3 - Neutral,2 - Disagree,4 - Agree,4 - Agree,4 - Agree,4 - Agree,4 - Agree,3 - Neutral,2 - Disagree,3 - Neutral,3 - Neutral,4 - Agree,4 - Agree,3 - Neutral,3 - Neutral,3 - Neutral,3 - Neutral,4 - Agree,4 - Agree,3 - Neutral,4 - Agree,4 - Agree
8/26/2026 16:10:45,Commercial Bank,Data engineer,04-May,3 - Neutral,5 - Strongly Agree,3 - Neutral,3 - Neutral,5 - Strongly Agree,4 - Agree,4 - Agree,4 - Agree,5 - Strongly Agree,5 - Strongly Agree,5 - Strongly Agree,3 - Neutral,5 - Strongly Agree,5 - Strongly Agree,5 - Strongly Agree,5 - Strongly Agree,5 - Strongly Agree,5 - Strongly Agree,5 - Strongly Agree,4 - Agree,3 - Neutral,4 - Agree,3 - Neutral,4 - Agree,4 - Agree,2 - Disagree,4 - Agree,4 - Agree,3 - Neutral,3 - Neutral,2 - Disagree,4 - Agree,3 - Neutral,4 - Agree,4 - Agree
8/26/2026 17:03:32,Commercial Bank,IT SUPPORT,6+,4 - Agree,3 - Neutral,3 - Neutral,3 - Neutral,3 - Neutral,5 - Strongly Agree,4 - Agree,5 - Strongly Agree,4 - Agree,5 - Strongly Agree,3 - Neutral,5 - Strongly Agree,4 - Agree,4 - Agree,4 - Agree,5 - Strongly Agree,5 - Strongly Agree,5 - Strongly Agree,5 - Strongly Agree,5 - Strongly Agree,4 - Agree,4 - Agree,4 - Agree,4 - Agree,4 - Agree,3 - Neutral,3 - Neutral,3 - Neutral,3 - Neutral,3 - Neutral,4 - Agree,5 - Strongly Agree,2 - Disagree,5 - Strongly Agree,5 - Strongly Agree
8/26/2026 17:20:16,Commercial Bank,"Corebanking Application Support, Officer",02-Mar,2 - Disagree,4 - Agree,3 - Neutral,4 - Agree,3 - Neutral,3 - Neutral,3 - Neutral,3 - Neutral,3 - Neutral,2 - Disagree,3 - Neutral,3 - Neutral,3 - Neutral,3 - Neutral,3 - Neutral,3 - Neutral,3 - Neutral,3 - Neutral,3 - Neutral,3 - Neutral,3 - Neutral,3 - Neutral,3 - Neutral,3 - Neutral,3 - Neutral,3 - Neutral,3 - Neutral,3 - Neutral,3 - Neutral,3 - Neutral,3 - Neutral,4 - Agree,1 - Strongly Disagree,5 - Strongly Agree,4 - Agree
8/26/2026 17:21:54,Commercial Bank,SOC Manager,04-May,4 - Agree,4 - Agree,4 - Agree,4 - Agree,2 - Disagree,3 - Neutral,4 - Agree,3 - Neutral,2 - Disagree,4 - Agree,3 - Neutral,3 - Neutral,3 - Neutral,3 - Neutral,3 - Neutral,5 - Strongly Agree,5 - Strongly Agree,5 - Strongly Agree,5 - Strongly Agree,5 - Strongly Agree,4 - Agree,4 - Agree,4 - Agree,4 - Agree,4 - Agree,4 - Agree,3 - Neutral,5 - Strongly Agree,4 - Agree,3 - Neutral,4 - Agree,3 - Neutral,2 - Disagree,4 - Agree,3 - Neutral
8/26/2026 17:22:24,Commercial Bank,Software Engineer ,02-Mar,2 - Disagree,2 - Disagree,2 - Disagree,2 - Disagree,2 - Disagree,3 - Neutral,3 - Neutral,3 - Neutral,3 - Neutral,3 - Neutral,3 - Neutral,3 - Neutral,3 - Neutral,3 - Neutral,3 - Neutral,3 - Neutral,3 - Neutral,3 - Neutral,3 - Neutral,3 - Neutral,3 - Neutral,3 - Neutral,3 - Neutral,3 - Neutral,3 - Neutral,3 - Neutral,3 - Neutral,3 - Neutral,3 - Neutral,3 - Neutral,5 - Strongly Agree,4 - Agree,3 - Neutral,5 - Strongly Agree,5 - Strongly Agree
8/26/2026 17:40:35,Commercial Bank,Cyber Security Analyst,02-Mar,3 - Neutral,3 - Neutral,4 - Agree,3 - Neutral,5 - Strongly Agree,5 - Strongly Agree,5 - Strongly Agree,3 - Neutral,4 - Agree,4 - Agree,3 - Neutral,3 - Neutral,4 - Agree,4 - Agree,3 - Neutral,4 - Agree,4 - Agree,5 - Strongly Agree,3 - Neutral,4 - Agree,4 - Agree,2 - Disagree,4 - Agree,4 - Agree,4 - Agree,3 - Neutral,2 - Disagree,2 - Disagree,3 - Neutral,4 - Agree,3 - Neutral,3 - Neutral,3 - Neutral,4 - Agree,4 - Agree
8/26/2026 17:42:34,Commercial Bank,IT Manager,02-Mar,4 - Agree,4 - Agree,4 - Agree,4 - Agree,4 - Agree,4 - Agree,4 - Agree,4 - Agree,4 - Agree,4 - Agree,4 - Agree,4 - Agree,4 - Agree,4 - Agree,4 - Agree,4 - Agree,4 - Agree,4 - Agree,4 - Agree,4 - Agree,4 - Agree,4 - Agree,4 - Agree,4 - Agree,4 - Agree,4 - Agree,4 - Agree,4 - Agree,4 - Agree,4 - Agree,4 - Agree,4 - Agree,4 - Agree,4 - Agree,4 - Agree
8/26/2026 17:58:20,Commercial Bank,IT Manager,04-May,2 - Disagree,4 - Agree,3 - Neutral,3 - Neutral,3 - Neutral,4 - Agree,3 - Neutral,3 - Neutral,3 - Neutral,3 - Neutral,3 - Neutral,3 - Neutral,3 - Neutral,3 - Neutral,3 - Neutral,3 - Neutral,4 - Agree,4 - Agree,3 - Neutral,3 - Neutral,4 - Agree,3 - Neutral,3 - Neutral,3 - Neutral,3 - Neutral,1 - Strongly Disagree,2 - Disagree,2 - Disagree,2 - Disagree,2 - Disagree,2 - Disagree,2 - Disagree,1 - Strongly Disagree,4 - Agree,4 - Agree
8/27/2026 8:28:48,Commercial Bank,Compliance Officer,02-Mar,4 - Agree,4 - Agree,4 - Agree,4 - Agree,4 - Agree,4 - Agree,4 - Agree,4 - Agree,4 - Agree,4 - Agree,3 - Neutral,4 - Agree,3 - Neutral,4 - Agree,4 - Agree,4 - Agree,4 - Agree,4 - Agree,4 - Agree,4 - Agree,4 - Agree,4 - Agree,4 - Agree,4 - Agree,4 - Agree,4 - Agree,4 - Agree,4 - Agree,4 - Agree,4 - Agree,4 - Agree,4 - Agree,4 - Agree,5 - Strongly Agree,5 - Strongly Agree
8/27/2026 9:29:25,Fintech,IT Manager,6+,5 - Strongly Agree,4 - Agree,5 - Strongly Agree,4 - Agree,5 - Strongly Agree,4 - Agree,4 - Agree,5 - Strongly Agree,4 - Agree,5 - Strongly Agree,5 - Strongly Agree,4 - Agree,4 - Agree,4 - Agree,5 - Strongly Agree,4 - Agree,4 - Agree,3 - Neutral,5 - Strongly Agree,5 - Strongly Agree,3 - Neutral,3 - Neutral,5 - Strongly Agree,5 - Strongly Agree,5 - Strongly Agree,3 - Neutral,3 - Neutral,3 - Neutral,3 - Neutral,3 - Neutral,5 - Strongly Agree,4 - Agree,3 - Neutral,4 - Agree,3 - Neutral
8/27/2026 9:50:11,Commercial Bank,IT Manager,02-Mar,2 - Disagree,4 - Agree,1 - Strongly Disagree,4 - Agree,2 - Disagree,4 - Agree,4 - Agree,1 - Strongly Disagree,2 - Disagree,3 - Neutral,4 - Agree,4 - Agree,3 - Neutral,2 - Disagree,3 - Neutral,3 - Neutral,4 - Agree,4 - Agree,4 - Agree,4 - Agree,3 - Neutral,4 - Agree,3 - Neutral,4 - Agree,3 - Neutral,3 - Neutral,3 - Neutral,3 - Neutral,3 - Neutral,2 - Disagree,2 - Disagree,3 - Neutral,2 - Disagree,3 - Neutral,3 - Neutral
8/27/2026 10:49:28,Commercial Bank,Data Privacy Professional,02-Mar,3 - Neutral,4 - Agree,3 - Neutral,4 - Agree,4 - Agree,2 - Disagree,4 - Agree,4 - Agree,3 - Neutral,3 - Neutral,3 - Neutral,3 - Neutral,3 - Neutral,3 - Neutral,3 - Neutral,3 - Neutral,3 - Neutral,5 - Strongly Agree,3 - Neutral,2 - Disagree,4 - Agree,3 - Neutral,3 - Neutral,4 - Agree,4 - Agree,2 - Disagree,4 - Agree,2 - Disagree,2 - Disagree,2 - Disagree,2 - Disagree,5 - Strongly Agree,2 - Disagree,5 - Strongly Agree,5 - Strongly Agree
8/27/2026 11:03:00,Microfinance,Software Engineer ,02-Mar,1 - Strongly Disagree,1 - Strongly Disagree,1 - Strongly Disagree,1 - Strongly Disagree,1 - Strongly Disagree,4 - Agree,4 - Agree,2 - Disagree,3 - Neutral,4 - Agree,2 - Disagree,2 - Disagree,2 - Disagree,2 - Disagree,2 - Disagree,3 - Neutral,4 - Agree,2 - Disagree,2 - Disagree,4 - Agree,2 - Disagree,2 - Disagree,2 - Disagree,2 - Disagree,4 - Agree,2 - Disagree,2 - Disagree,1 - Strongly Disagree,1 - Strongly Disagree,2 - Disagree,4 - Agree,4 - Agree,3 - Neutral,4 - Agree,5 - Strongly Agree
8/28/2026 7:12:39,Microfinance,Data analyst ,02-Mar,3 - Neutral,3 - Neutral,4 - Agree,4 - Agree,3 - Neutral,4 - Agree,3 - Neutral,4 - Agree,4 - Agree,4 - Agree,4 - Agree,4 - Agree,4 - Agree,4 - Agree,4 - Agree,4 - Agree,2 - Disagree,4 - Agree,5 - Strongly Agree,5 - Strongly Agree,3 - Neutral,3 - Neutral,3 - Neutral,3 - Neutral,3 - Neutral,3 - Neutral,3 - Neutral,3 - Neutral,3 - Neutral,3 - Neutral,4 - Agree,4 - Agree,4 - Agree,4 - Agree,4 - Agree
8/28/2026 8:50:33,Commercial Bank,AI Developer,04-May,4 - Agree,5 - Strongly Agree,5 - Strongly Agree,4 - Agree,5 - Strongly Agree,4 - Agree,4 - Agree,5 - Strongly Agree,4 - Agree,3 - Neutral,5 - Strongly Agree,5 - Strongly Agree,4 - Agree,3 - Neutral,3 - Neutral,5 - Strongly Agree,5 - Strongly Agree,5 - Strongly Agree,5 - Strongly Agree,5 - Strongly Agree,4 - Agree,3 - Neutral,4 - Agree,5 - Strongly Agree,3 - Neutral,3 - Neutral,3 - Neutral,3 - Neutral,3 - Neutral,4 - Agree,5 - Strongly Agree,5 - Strongly Agree,1 - Strongly Disagree,5 - Strongly Agree,5 - Strongly Agree
8/28/2026 12:48:12,Commercial Bank,IT Manager,0-1,3 - Neutral,3 - Neutral,3 - Neutral,3 - Neutral,3 - Neutral,4 - Agree,4 - Agree,4 - Agree,4 - Agree,4 - Agree,4 - Agree,4 - Agree,4 - Agree,4 - Agree,4 - Agree,3 - Neutral,3 - Neutral,3 - Neutral,3 - Neutral,3 - Neutral,4 - Agree,4 - Agree,4 - Agree,4 - Agree,4 - Agree,3 - Neutral,3 - Neutral,3 - Neutral,3 - Neutral,3 - Neutral,4 - Agree,4 - Agree,4 - Agree,4 - Agree,4 - Agree
8/28/2026 19:15:36,Commercial Bank,AI Developer,04-May,4 - Agree,3 - Neutral,4 - Agree,4 - Agree,4 - Agree,4 - Agree,3 - Neutral,4 - Agree,3 - Neutral,4 - Agree,3 - Neutral,4 - Agree,3 - Neutral,3 - Neutral,3 - Neutral,4 - Agree,4 - Agree,4 - Agree,4 - Agree,3 - Neutral,3 - Neutral,3 - Neutral,3 - Neutral,3 - Neutral,4 - Agree,3 - Neutral,3 - Neutral,4 - Agree,3 - Neutral,4 - Agree,4 - Agree,4 - Agree,3 - Neutral,4 - Agree,4 - Agree
8/29/2026 9:03:59,Insurance,Data engineer ,04-May,3 - Neutral,4 - Agree,4 - Agree,3 - Neutral,3 - Neutral,4 - Agree,3 - Neutral,3 - Neutral,3 - Neutral,3 - Neutral,3 - Neutral,4 - Agree,4 - Agree,3 - Neutral,4 - Agree,4 - Agree,3 - Neutral,4 - Agree,3 - Neutral,3 - Neutral,3 - Neutral,3 - Neutral,3 - Neutral,4 - Agree,4 - Agree,4 - Agree,4 - Agree,3 - Neutral,3 - Neutral,3 - Neutral,3 - Neutral,3 - Neutral,2 - Disagree,2 - Disagree,3 - Neutral
8/29/2026 16:53:25,Commercial Bank,Business Analyst,02-Mar,3 - Neutral,3 - Neutral,3 - Neutral,3 - Neutral,3 - Neutral,4 - Agree,3 - Neutral,3 - Neutral,3 - Neutral,3 - Neutral,3 - Neutral,3 - Neutral,3 - Neutral,3 - Neutral,3 - Neutral,4 - Agree,4 - Agree,4 - Agree,3 - Neutral,3 - Neutral,3 - Neutral,3 - Neutral,3 - Neutral,3 - Neutral,3 - Neutral,2 - Disagree,3 - Neutral,4 - Agree,3 - Neutral,3 - Neutral,2 - Disagree,3 - Neutral,2 - Disagree,5 - Strongly Agree,4 - Agree
8/31/2026 10:36:22,Commercial Bank,security officer,04-May,3 - Neutral,3 - Neutral,3 - Neutral,3 - Neutral,3 - Neutral,3 - Neutral,3 - Neutral,3 - Neutral,3 - Neutral,3 - Neutral,3 - Neutral,3 - Neutral,3 - Neutral,3 - Neutral,3 - Neutral,3 - Neutral,3 - Neutral,3 - Neutral,3 - Neutral,3 - Neutral,3 - Neutral,3 - Neutral,3 - Neutral,3 - Neutral,3 - Neutral,3 - Neutral,3 - Neutral,3 - Neutral,3 - Neutral,3 - Neutral,3 - Neutral,3 - Neutral,3 - Neutral,3 - Neutral,3 - Neutral
8/31/2026 10:54:05,Commercial Bank,IT Manager,6+,2 - Disagree,2 - Disagree,3 - Neutral,3 - Neutral,2 - Disagree,3 - Neutral,3 - Neutral,3 - Neutral,3 - Neutral,3 - Neutral,3 - Neutral,3 - Neutral,3 - Neutral,3 - Neutral,3 - Neutral,3 - Neutral,4 - Agree,4 - Agree,4 - Agree,3 - Neutral,3 - Neutral,3 - Neutral,3 - Neutral,3 - Neutral,3 - Neutral,2 - Disagree,2 - Disagree,2 - Disagree,2 - Disagree,2 - Disagree,3 - Neutral,2 - Disagree,2 - Disagree,1 - Strongly Disagree,2 - Disagree
09/04/2026 15:16,Commercial Bank,IT Manager,02-Mar,4 - Agree,4 - Agree,4 - Agree,4 - Agree,4 - Agree,5 - Strongly Agree,5 - Strongly Agree,5 - Strongly Agree,5 - Strongly Agree,5 - Strongly Agree,5 - Strongly Agree,4 - Agree,4 - Agree,5 - Strongly Agree,5 - Strongly Agree,5 - Strongly Agree,4 - Agree,4 - Agree,4 - Agree,5 - Strongly Agree,4 - Agree,4 - Agree,4 - Agree,5 - Strongly Agree,5 - Strongly Agree,4 - Agree,4 - Agree,4 - Agree,4 - Agree,4 - Agree,5 - Strongly Agree,5 - Strongly Agree,4 - Agree,5 - Strongly Agree,5 - Strongly Agree
